event_id,event_timestamp,user_id,anonymous_id,session_id,event_name,traffic_source,page_location,product_id,order_id,revenue,device_category
evt00001,2026-05-05 11:08:00,u008,anon_u008,s0001,session_start,organic_search,/collections/new,,,,mobile
evt00002,2026-05-05 11:14:00,u008,anon_u008,s0001,page_view,organic_search,/collections/bestsellers,,,,mobile
evt00003,2026-05-05 11:20:00,u008,anon_u008,s0001,purchase,organic_search,/product,,o0001,298.77,mobile
evt00004,2026-05-05 13:16:00,u015,anon_u015,s0002,session_start,social,/collections/bestsellers,,,,tablet
evt00005,2026-05-05 13:22:00,u015,anon_u015,s0002,page_view,social,/product,,,,tablet
evt00006,2026-05-05 13:28:00,u015,anon_u015,s0002,view_item,social,/product/p005,p005,,,tablet
evt00007,2026-05-05 13:34:00,u015,anon_u015,s0002,purchase,social,/checkout,,o0002,244.64,tablet
evt00008,2026-05-05 15:24:00,u022,anon_u022,s0003,session_start,email,/product,,,,desktop
evt00009,2026-05-05 15:30:00,u022,anon_u022,s0003,page_view,email,/cart,,,,desktop
evt00010,2026-05-05 15:36:00,u022,anon_u022,s0003,add_to_cart,email,/checkout,p007,,,desktop
evt00011,2026-05-05 15:42:00,u022,anon_u022,s0003,purchase,email,/account,,o0003,26.48,desktop
evt00012,2026-05-05 17:28:00,u029,anon_u029,s0004,session_start,direct,/cart,,,,mobile
evt00013,2026-05-05 17:34:00,u029,anon_u029,s0004,page_view,direct,/checkout,,,,mobile
evt00014,2026-05-05 17:40:00,u029,anon_u029,s0004,view_item,direct,/product/p009,p009,,,mobile
evt00015,2026-05-05 17:46:00,u029,anon_u029,s0004,purchase,direct,/,,o0004,191.60,mobile
evt00016,2026-05-05 19:36:00,u006,anon_u006,s0005,session_start,affiliate,/checkout,,,,tablet
evt00017,2026-05-05 19:42:00,u006,anon_u006,s0005,page_view,affiliate,/account,,,,tablet
evt00018,2026-05-05 19:48:00,u006,anon_u006,s0005,begin_checkout,affiliate,/,,,,tablet
evt00019,2026-05-05 19:54:00,u006,anon_u006,s0005,purchase,affiliate,/collections/new,,o0005,227.32,tablet
evt00020,2026-05-05 21:44:00,u013,anon_u013,s0006,session_start,paid_search,/account,,,,desktop
evt00021,2026-05-05 21:50:00,u013,anon_u013,s0006,page_view,paid_search,/,,,,desktop
evt00022,2026-05-05 21:56:00,u013,anon_u013,s0006,view_item,paid_search,/product/p013,p013,,,desktop
evt00023,2026-05-05 22:02:00,u013,anon_u013,s0006,add_to_cart,paid_search,/collections/bestsellers,p013,,,desktop
evt00024,2026-05-05 22:08:00,u013,anon_u013,s0006,purchase,paid_search,/product,,o0006,89.26,desktop
evt00025,2026-05-05 23:07:00,u020,anon_u020,s0007,session_start,organic_search,/,,,,mobile
evt00026,2026-05-05 23:13:00,u020,anon_u020,s0007,page_view,organic_search,/collections/new,,,,mobile
evt00027,2026-05-05 23:19:00,u020,anon_u020,s0007,purchase,organic_search,/collections/bestsellers,,o0007,197.02,mobile
evt00028,2026-05-06 01:11:00,u027,anon_u027,s0008,session_start,social,/collections/new,,,,tablet
evt00029,2026-05-06 01:17:00,u027,anon_u027,s0008,page_view,social,/collections/bestsellers,,,,tablet
evt00030,2026-05-06 01:23:00,u027,anon_u027,s0008,view_item,social,/product/p017,p017,,,tablet
evt00031,2026-05-06 01:29:00,u027,anon_u027,s0008,purchase,social,/cart,,o0008,211.09,tablet
evt00032,2026-05-06 03:19:00,u004,anon_u004,s0009,session_start,email,/collections/bestsellers,,,,desktop
evt00033,2026-05-06 03:25:00,u004,anon_u004,s0009,page_view,email,/product,,,,desktop
evt00034,2026-05-06 03:31:00,u004,anon_u004,s0009,add_to_cart,email,/cart,p019,,,desktop
evt00035,2026-05-06 03:37:00,u004,anon_u004,s0009,purchase,email,/checkout,,o0009,128.82,desktop
evt00036,2026-05-06 05:27:00,u011,anon_u011,s0010,session_start,direct,/product,,,,mobile
evt00037,2026-05-06 05:33:00,u011,anon_u011,s0010,page_view,direct,/cart,,,,mobile
evt00038,2026-05-06 05:39:00,u011,anon_u011,s0010,view_item,direct,/product/p021,p021,,,mobile
evt00039,2026-05-06 05:45:00,u011,anon_u011,s0010,begin_checkout,direct,/account,,,,mobile
evt00040,2026-05-06 05:51:00,u011,anon_u011,s0010,purchase,direct,/,,o0010,233.82,mobile
evt00041,2026-05-06 07:35:00,u018,anon_u018,s0011,session_start,affiliate,/cart,,,,tablet
evt00042,2026-05-06 07:41:00,u018,anon_u018,s0011,page_view,affiliate,/checkout,,,,tablet
evt00043,2026-05-06 07:47:00,u018,anon_u018,s0011,purchase,affiliate,/account,,o0011,270.62,tablet
evt00044,2026-05-06 09:39:00,u025,anon_u025,s0012,session_start,paid_search,/checkout,,,,desktop
evt00045,2026-05-06 09:45:00,u025,anon_u025,s0012,page_view,paid_search,/account,,,,desktop
evt00046,2026-05-06 09:51:00,u025,anon_u025,s0012,view_item,paid_search,/product/p001,p001,,,desktop
evt00047,2026-05-06 09:57:00,u025,anon_u025,s0012,add_to_cart,paid_search,/collections/new,p001,,,desktop
evt00048,2026-05-06 10:03:00,u025,anon_u025,s0012,purchase,paid_search,/collections/bestsellers,,o0012,58.95,desktop
evt00049,2026-05-06 11:02:00,u002,anon_u002,s0013,session_start,organic_search,/account,,,,mobile
evt00050,2026-05-06 11:08:00,u002,anon_u002,s0013,page_view,organic_search,/,,,,mobile
evt00051,2026-05-06 11:14:00,u002,anon_u002,s0013,purchase,organic_search,/collections/new,,o0013,259.80,mobile
evt00052,2026-05-06 13:10:00,u009,anon_u009,s0014,session_start,social,/,,,,tablet
evt00053,2026-05-06 13:16:00,u009,anon_u009,s0014,page_view,social,/collections/new,,,,tablet
evt00054,2026-05-06 13:22:00,u009,anon_u009,s0014,view_item,social,/product/p005,p005,,,tablet
evt00055,2026-05-06 13:28:00,u009,anon_u009,s0014,purchase,social,/product,,o0014,,tablet
evt00056,2026-05-06 15:18:00,u016,anon_u016,s0015,session_start,email,/collections/new,,,,desktop
evt00057,2026-05-06 15:24:00,u016,anon_u016,s0015,page_view,email,/collections/bestsellers,,,,desktop
evt00058,2026-05-06 15:30:00,u016,anon_u016,s0015,add_to_cart,email,/product,p007,,,desktop
evt00059,2026-05-06 15:36:00,u016,anon_u016,s0015,begin_checkout,email,/cart,,,,desktop
evt00060,2026-05-06 15:42:00,u016,anon_u016,s0015,purchase,email,/checkout,,o0015,84.93,desktop
evt00061,2026-05-06 17:22:00,u023,anon_u023,s0016,session_start,direct,/collections/bestsellers,,,,mobile
evt00062,2026-05-06 17:28:00,u023,anon_u023,s0016,page_view,direct,/product,,,,mobile
evt00063,2026-05-06 17:34:00,u023,anon_u023,s0016,view_item,direct,/product/p009,p009,,,mobile
evt00064,2026-05-06 17:40:00,u023,anon_u023,s0016,purchase,direct,/checkout,,o0016,223.00,mobile
evt00065,2026-05-06 19:30:00,u030,anon_u030,s0017,session_start,affiliate,/product,,,,tablet
evt00066,2026-05-06 19:36:00,u030,anon_u030,s0017,page_view,affiliate,/cart,,,,tablet
evt00067,2026-05-06 19:42:00,u030,anon_u030,s0017,purchase,affiliate,/checkout,,o0017,352.89,tablet
evt00068,2026-05-06 21:38:00,u007,anon_u007,s0018,session_start,paid_search,/cart,,,,desktop
evt00069,2026-05-06 21:44:00,u007,anon_u007,s0018,page_view,paid_search,/checkout,,,,desktop
evt00070,2026-05-06 21:50:00,u007,anon_u007,s0018,view_item,paid_search,/product/p013,p013,,,desktop
evt00071,2026-05-06 21:56:00,u007,anon_u007,s0018,add_to_cart,paid_search,/,p013,,,desktop
evt00072,2026-05-06 22:02:00,u007,anon_u007,s0018,purchase,paid_search,/collections/new,,o0018,110.91,desktop
evt00073,2026-05-06 23:46:00,u014,anon_u014,s0019,session_start,organic_search,/checkout,,,,mobile
evt00074,2026-05-06 23:52:00,u014,anon_u014,s0019,page_view,organic_search,/account,,,,mobile
evt00075,2026-05-06 23:58:00,u014,anon_u014,s0019,purchase,organic_search,/,,o0019,167.79,mobile
evt00076,2026-05-07 01:05:00,u021,anon_u021,s0020,session_start,social,/account,,,,tablet
evt00077,2026-05-07 01:11:00,u021,anon_u021,s0020,page_view,social,/,,,,tablet
evt00078,2026-05-07 01:17:00,u021,anon_u021,s0020,view_item,social,/product/p017,p017,,,tablet
evt00079,2026-05-07 01:23:00,u021,anon_u021,s0020,begin_checkout,social,/collections/bestsellers,,,,tablet
evt00080,2026-05-07 01:29:00,u021,anon_u021,s0020,purchase,social,/product,,o0020,280.37,tablet
evt00081,2026-05-07 03:13:00,u028,anon_u028,s0021,session_start,email,/,,,,desktop
evt00082,2026-05-07 03:19:00,u028,anon_u028,s0021,page_view,email,/collections/new,,,,desktop
evt00083,2026-05-07 03:25:00,u028,anon_u028,s0021,add_to_cart,email,/collections/bestsellers,p019,,,desktop
evt00084,2026-05-07 03:31:00,u028,anon_u028,s0021,purchase,email,/product,,o0021,52.46,desktop
evt00085,2026-05-07 05:21:00,u005,anon_u005,s0022,session_start,direct,/collections/new,,,,mobile
evt00086,2026-05-07 05:27:00,u005,anon_u005,s0022,page_view,direct,/collections/bestsellers,,,,mobile
evt00087,2026-05-07 05:33:00,u005,anon_u005,s0022,view_item,direct,/product/p021,p021,,,mobile
evt00088,2026-05-07 05:39:00,u005,anon_u005,s0022,purchase,direct,/cart,,o0022,285.78,mobile
evt00089,2026-05-07 07:29:00,u012,anon_u012,s0023,session_start,affiliate,/collections/bestsellers,,,,tablet
evt00090,2026-05-07 07:35:00,u012,anon_u012,s0023,page_view,affiliate,/product,,,,tablet
evt00091,2026-05-07 07:41:00,u012,anon_u012,s0023,purchase,affiliate,/cart,,o0023,241.40,tablet
evt00092,2026-05-07 09:33:00,u019,anon_u019,s0024,session_start,paid_search,/product,,,,desktop
evt00093,2026-05-07 09:39:00,u019,anon_u019,s0024,page_view,paid_search,/cart,,,,desktop
evt00094,2026-05-07 09:45:00,u019,anon_u019,s0024,view_item,paid_search,/product/p001,p001,,,desktop
evt00095,2026-05-07 09:51:00,u019,anon_u019,s0024,add_to_cart,paid_search,/account,p001,,,desktop
evt00096,2026-05-07 09:57:00,u019,anon_u019,s0024,purchase,paid_search,/,,o0024,76.27,desktop
evt00097,2026-05-07 11:41:00,u026,anon_u026,s0025,session_start,organic_search,/cart,,,,mobile
evt00098,2026-05-07 11:47:00,u026,anon_u026,s0025,page_view,organic_search,/checkout,,,,mobile
evt00099,2026-05-07 11:53:00,u026,anon_u026,s0025,begin_checkout,organic_search,/account,,,,mobile
evt00100,2026-05-07 11:59:00,u026,anon_u026,s0025,purchase,organic_search,/,,o0025,293.36,mobile
evt00101,2026-05-07 13:04:00,u003,anon_u003,s0026,session_start,social,/checkout,,,,tablet
evt00102,2026-05-07 13:10:00,u003,anon_u003,s0026,page_view,social,/account,,,,tablet
evt00103,2026-05-07 13:16:00,u003,anon_u003,s0026,view_item,social,/product/p005,p005,,,tablet
evt00104,2026-05-07 13:22:00,u003,anon_u003,s0026,purchase,social,/collections/new,,o0026,228.41,tablet
evt00105,2026-05-07 15:12:00,u010,anon_u010,s0027,session_start,email,/account,,,,desktop
evt00106,2026-05-07 15:18:00,u010,anon_u010,s0027,page_view,email,/,,,,desktop
evt00107,2026-05-07 15:24:00,u010,anon_u010,s0027,add_to_cart,email,/collections/new,p007,,,desktop
evt00108,2026-05-07 15:30:00,u010,anon_u010,s0027,purchase,email,/collections/bestsellers,,o0027,26.48,desktop
evt00109,2026-05-07 17:16:00,u017,anon_u017,s0028,session_start,direct,/,,,,mobile
evt00110,2026-05-07 17:22:00,u017,anon_u017,s0028,page_view,direct,/collections/new,,,,mobile
evt00111,2026-05-07 17:28:00,u017,anon_u017,s0028,view_item,direct,/product/p009,p009,,,mobile
evt00112,2026-05-07 17:34:00,u017,anon_u017,s0028,purchase,direct,/product,,o0028,191.60,mobile
evt00113,2026-05-07 19:24:00,u024,anon_u024,s0029,session_start,affiliate,/collections/new,,,,tablet
evt00114,2026-05-07 19:30:00,u024,anon_u024,s0029,page_view,affiliate,/collections/bestsellers,,,,tablet
evt00115,2026-05-07 19:36:00,u024,anon_u024,s0029,purchase,affiliate,/product,,o0029,227.32,tablet
evt00116,2026-05-07 21:32:00,u001,anon_u001,s0030,session_start,paid_search,/collections/bestsellers,,,,desktop
evt00117,2026-05-07 21:38:00,u001,anon_u001,s0030,page_view,paid_search,/product,,,,desktop
evt00118,2026-05-07 21:44:00,u001,anon_u001,s0030,view_item,paid_search,/product/p013,p013,,,desktop
evt00119,2026-05-07 21:50:00,u001,anon_u001,s0030,add_to_cart,paid_search,/checkout,p013,,,desktop
evt00120,2026-05-07 21:56:00,u001,anon_u001,s0030,begin_checkout,paid_search,/account,,,,desktop
evt00121,2026-05-07 22:02:00,u001,anon_u001,s0030,purchase,paid_search,/,,o0030,89.26,desktop
evt00122,2026-05-07 23:40:00,u008,anon_u008,s0031,session_start,organic_search,/product,,,,mobile
evt00123,2026-05-07 23:46:00,u008,anon_u008,s0031,page_view,organic_search,/cart,,,,mobile
evt00124,2026-05-07 23:52:00,u008,anon_u008,s0031,purchase,organic_search,/checkout,,o0031,202.43,mobile
evt00125,2026-05-08 01:44:00,u015,anon_u015,s0032,session_start,social,/cart,,,,tablet
evt00126,2026-05-08 01:50:00,u015,anon_u015,s0032,page_view,social,/checkout,,,,tablet
evt00127,2026-05-08 01:56:00,u015,anon_u015,s0032,view_item,social,/product/p017,p017,,,tablet
evt00128,2026-05-08 02:02:00,u015,anon_u015,s0032,purchase,social,/,,o0032,216.50,tablet
evt00129,2026-05-08 03:07:00,u022,anon_u022,s0033,session_start,email,/checkout,,,,desktop
evt00130,2026-05-08 03:13:00,u022,anon_u022,s0033,page_view,email,/account,,,,desktop
evt00131,2026-05-08 03:19:00,u022,anon_u022,s0033,add_to_cart,email,/,p019,,,desktop
evt00132,2026-05-08 03:25:00,u022,anon_u022,s0033,purchase,email,/collections/new,,o0033,128.82,desktop
evt00133,2026-05-08 05:15:00,u029,anon_u029,s0034,session_start,direct,/account,,,,mobile
evt00134,2026-05-08 05:21:00,u029,anon_u029,s0034,page_view,direct,/,,,,mobile
evt00135,2026-05-08 05:27:00,u029,anon_u029,s0034,view_item,direct,/product/p021,p021,,,mobile
evt00136,2026-05-08 05:33:00,u029,anon_u029,s0034,purchase,direct,/collections/bestsellers,,o0034,228.41,mobile
evt00137,2026-05-08 07:23:00,u006,anon_u006,s0035,session_start,affiliate,/,,,,tablet
evt00138,2026-05-08 07:29:00,u006,anon_u006,s0035,page_view,affiliate,/collections/new,,,,tablet
evt00139,2026-05-08 07:35:00,u006,anon_u006,s0035,begin_checkout,affiliate,/collections/bestsellers,,,,tablet
evt00140,2026-05-08 07:41:00,u006,anon_u006,s0035,purchase,affiliate,/product,,o0035,0.00,tablet
evt00141,2026-05-08 09:27:00,u013,anon_u013,s0036,session_start,paid_search,/collections/new,,,,desktop
evt00142,2026-05-08 09:33:00,u013,anon_u013,s0036,page_view,paid_search,/collections/bestsellers,,,,desktop
evt00143,2026-05-08 09:39:00,u013,anon_u013,s0036,view_item,paid_search,/product/p001,p001,,,desktop
evt00144,2026-05-08 09:45:00,u013,anon_u013,s0036,add_to_cart,paid_search,/cart,p001,,,desktop
evt00145,2026-05-08 09:51:00,u013,anon_u013,s0036,purchase,paid_search,/checkout,,o0036,58.95,desktop
evt00146,2026-05-08 11:35:00,u020,anon_u020,s0037,session_start,organic_search,/collections/bestsellers,,,,mobile
evt00147,2026-05-08 11:41:00,u020,anon_u020,s0037,page_view,organic_search,/product,,,,mobile
evt00148,2026-05-08 11:47:00,u020,anon_u020,s0037,purchase,organic_search,/cart,,o0037,270.62,mobile
evt00149,2026-05-08 13:43:00,u027,anon_u027,s0038,session_start,social,/product,,,,tablet
evt00150,2026-05-08 13:49:00,u027,anon_u027,s0038,page_view,social,/cart,,,,tablet
evt00151,2026-05-08 13:55:00,u027,anon_u027,s0038,view_item,social,/product/p005,p005,,,tablet
evt00152,2026-05-08 14:01:00,u027,anon_u027,s0038,purchase,social,/account,,o0038,320.42,tablet
evt00153,2026-05-08 15:06:00,u004,anon_u004,s0039,session_start,email,/cart,,,,desktop
evt00154,2026-05-08 15:12:00,u004,anon_u004,s0039,page_view,email,/checkout,,,,desktop
evt00155,2026-05-08 15:18:00,u004,anon_u004,s0039,add_to_cart,email,/account,p007,,,desktop
evt00156,2026-05-08 15:24:00,u004,anon_u004,s0039,purchase,email,/,,o0039,74.11,desktop
evt00157,2026-05-08 17:10:00,u011,anon_u011,s0040,session_start,direct,/checkout,,,,mobile
evt00158,2026-05-08 17:16:00,u011,anon_u011,s0040,page_view,direct,/account,,,,mobile
evt00159,2026-05-08 17:22:00,u011,anon_u011,s0040,view_item,direct,/product/p009,p009,,,mobile
evt00160,2026-05-08 17:28:00,u011,anon_u011,s0040,begin_checkout,direct,/collections/new,,,,mobile
evt00161,2026-05-08 17:34:00,u011,anon_u011,s0040,purchase,direct,/collections/bestsellers,,o0040,228.41,mobile
evt00162,2026-05-08 19:18:00,u018,anon_u018,s0041,session_start,affiliate,/account,,,,tablet
evt00163,2026-05-08 19:24:00,u018,anon_u018,s0041,page_view,affiliate,/,,,,tablet
evt00164,2026-05-08 19:30:00,u018,anon_u018,s0041,purchase,affiliate,/collections/new,,o0041,358.31,tablet
evt00165,2026-05-08 21:26:00,u025,anon_u025,s0042,session_start,paid_search,/,,,,desktop
evt00166,2026-05-08 21:32:00,u025,anon_u025,s0042,page_view,paid_search,/collections/new,,,,desktop
evt00167,2026-05-08 21:38:00,u025,anon_u025,s0042,view_item,paid_search,/product/p013,p013,,,desktop
evt00168,2026-05-08 21:44:00,u025,anon_u025,s0042,add_to_cart,paid_search,/product,p013,,,desktop
evt00169,2026-05-08 21:50:00,u025,anon_u025,s0042,purchase,paid_search,/cart,,o0042,110.91,desktop
evt00170,2026-05-08 23:34:00,u002,anon_u002,s0043,session_start,organic_search,/collections/new,,,,mobile
evt00171,2026-05-08 23:40:00,u002,anon_u002,s0043,page_view,organic_search,/collections/bestsellers,,,,mobile
evt00172,2026-05-08 23:46:00,u002,anon_u002,s0043,purchase,organic_search,/product,,o0043,162.38,mobile
evt00173,2026-05-09 01:38:00,u009,anon_u009,s0044,session_start,social,/collections/bestsellers,,,,tablet
evt00174,2026-05-09 01:44:00,u009,anon_u009,s0044,page_view,social,/product,,,,tablet
evt00175,2026-05-09 01:50:00,u009,anon_u009,s0044,view_item,social,/product/p017,p017,,,tablet
evt00176,2026-05-09 01:56:00,u009,anon_u009,s0044,purchase,social,/checkout,,o0044,0.00,tablet
evt00177,2026-05-09 03:01:00,u016,anon_u016,s0045,session_start,email,/product,,,,desktop
evt00178,2026-05-09 03:07:00,u016,anon_u016,s0045,page_view,email,/cart,,,,desktop
evt00179,2026-05-09 03:13:00,u016,anon_u016,s0045,add_to_cart,email,/checkout,p019,,,desktop
evt00180,2026-05-09 03:19:00,u016,anon_u016,s0045,begin_checkout,email,/account,,,,desktop
evt00181,2026-05-09 03:25:00,u016,anon_u016,s0045,purchase,email,/,,o0045,52.46,desktop
evt00182,2026-05-09 05:09:00,u023,anon_u023,s0046,session_start,direct,/cart,,,,mobile
evt00183,2026-05-09 05:15:00,u023,anon_u023,s0046,page_view,direct,/checkout,,,,mobile
evt00184,2026-05-09 05:21:00,u023,anon_u023,s0046,view_item,direct,/product/p021,p021,,,mobile
evt00185,2026-05-09 05:27:00,u023,anon_u023,s0046,purchase,direct,/,,o0046,285.78,mobile
evt00186,2026-05-09 07:17:00,u030,anon_u030,s0047,session_start,affiliate,/checkout,,,,tablet
evt00187,2026-05-09 07:23:00,u030,anon_u030,s0047,page_view,affiliate,/account,,,,tablet
evt00188,2026-05-09 07:29:00,u030,anon_u030,s0047,purchase,affiliate,/,,o0047,241.40,tablet
evt00189,2026-05-09 09:21:00,u007,anon_u007,s0048,session_start,paid_search,/account,,,,desktop
evt00190,2026-05-09 09:27:00,u007,anon_u007,s0048,page_view,paid_search,/,,,,desktop
evt00191,2026-05-09 09:33:00,u007,anon_u007,s0048,view_item,paid_search,/product/p001,p001,,,desktop
evt00192,2026-05-09 09:39:00,u007,anon_u007,s0048,add_to_cart,paid_search,/collections/bestsellers,p001,,,desktop
evt00193,2026-05-09 09:45:00,u007,anon_u007,s0048,purchase,paid_search,/product,,o0048,76.27,desktop
evt00194,2026-05-09 11:29:00,u014,anon_u014,s0049,session_start,organic_search,/,,,,mobile
evt00195,2026-05-09 11:35:00,u014,anon_u014,s0049,page_view,organic_search,/collections/new,,,,mobile
evt00196,2026-05-09 11:41:00,u014,anon_u014,s0049,purchase,organic_search,/collections/bestsellers,,o0049,298.77,mobile
evt00197,2026-05-09 13:37:00,u021,anon_u021,s0050,session_start,social,/collections/new,,,,tablet
evt00198,2026-05-09 13:43:00,u021,anon_u021,s0050,page_view,social,/collections/bestsellers,,,,tablet
evt00199,2026-05-09 13:49:00,u021,anon_u021,s0050,view_item,social,/product/p005,p005,,,tablet
evt00200,2026-05-09 13:55:00,u021,anon_u021,s0050,begin_checkout,social,/cart,,,,tablet
evt00201,2026-05-09 14:01:00,u021,anon_u021,s0050,purchase,social,/checkout,,o0050,244.64,tablet
evt00202,2026-05-09 15:45:00,u028,anon_u028,s0051,session_start,email,/collections/bestsellers,,,,desktop
evt00203,2026-05-09 15:51:00,u028,anon_u028,s0051,page_view,email,/product,,,,desktop
evt00204,2026-05-09 15:57:00,u028,anon_u028,s0051,add_to_cart,email,/cart,p007,,,desktop
evt00205,2026-05-09 16:03:00,u028,anon_u028,s0051,purchase,email,/checkout,,o0051,26.48,desktop
evt00206,2026-05-09 17:04:00,u005,anon_u005,s0052,session_start,direct,/product,,,,mobile
evt00207,2026-05-09 17:10:00,u005,anon_u005,s0052,page_view,direct,/cart,,,,mobile
evt00208,2026-05-09 17:16:00,u005,anon_u005,s0052,view_item,direct,/product/p009,p009,,,mobile
evt00209,2026-05-09 17:22:00,u005,anon_u005,s0052,purchase,direct,/account,,o0052,175.37,mobile
evt00210,2026-05-09 19:12:00,u012,anon_u012,s0053,session_start,affiliate,/cart,,,,tablet
evt00211,2026-05-09 19:18:00,u012,anon_u012,s0053,page_view,affiliate,/checkout,,,,tablet
evt00212,2026-05-09 19:24:00,u012,anon_u012,s0053,purchase,affiliate,/account,,o0053,221.91,tablet
evt00213,2026-05-09 21:20:00,u019,anon_u019,s0054,session_start,paid_search,/checkout,,,,desktop
evt00214,2026-05-09 21:26:00,u019,anon_u019,s0054,page_view,paid_search,/account,,,,desktop
evt00215,2026-05-09 21:32:00,u019,anon_u019,s0054,view_item,paid_search,/product/p013,p013,,,desktop
evt00216,2026-05-09 21:38:00,u019,anon_u019,s0054,add_to_cart,paid_search,/collections/new,p013,,,desktop
evt00217,2026-05-09 21:44:00,u019,anon_u019,s0054,purchase,paid_search,/collections/bestsellers,,o0054,89.26,desktop
evt00218,2026-05-09 23:28:00,u026,anon_u026,s0055,session_start,organic_search,/account,,,,mobile
evt00219,2026-05-09 23:34:00,u026,anon_u026,s0055,page_view,organic_search,/,,,,mobile
evt00220,2026-05-09 23:40:00,u026,anon_u026,s0055,begin_checkout,organic_search,/collections/new,,,,mobile
evt00221,2026-05-09 23:46:00,u026,anon_u026,s0055,purchase,organic_search,/collections/bestsellers,,o0055,202.43,mobile
evt00222,2026-05-10 01:32:00,u003,anon_u003,s0056,session_start,social,/,,,,tablet
evt00223,2026-05-10 01:38:00,u003,anon_u003,s0056,page_view,social,/collections/new,,,,tablet
evt00224,2026-05-10 01:44:00,u003,anon_u003,s0056,view_item,social,/product/p017,p017,,,tablet
evt00225,2026-05-10 01:50:00,u003,anon_u003,s0056,purchase,social,/product,,o0056,216.50,tablet
evt00226,2026-05-10 03:40:00,u010,anon_u010,s0057,session_start,email,/collections/new,,,,desktop
evt00227,2026-05-10 03:46:00,u010,anon_u010,s0057,page_view,email,/collections/bestsellers,,,,desktop
evt00228,2026-05-10 03:52:00,u010,anon_u010,s0057,add_to_cart,email,/product,p019,,,desktop
evt00229,2026-05-10 03:58:00,u010,anon_u010,s0057,purchase,email,/cart,,o0057,128.82,desktop
evt00230,2026-05-10 05:03:00,u017,anon_u017,s0058,session_start,direct,/collections/bestsellers,,,,mobile
evt00231,2026-05-10 05:09:00,u017,anon_u017,s0058,page_view,direct,/product,,,,mobile
evt00232,2026-05-10 05:15:00,u017,anon_u017,s0058,view_item,direct,/product/p021,p021,,,mobile
evt00233,2026-05-10 05:21:00,u017,anon_u017,s0058,purchase,direct,/checkout,,o0058,233.82,mobile
evt00234,2026-05-10 07:11:00,u024,anon_u024,s0059,session_start,affiliate,/product,,,,tablet
evt00235,2026-05-10 07:17:00,u024,anon_u024,s0059,page_view,affiliate,/cart,,,,tablet
evt00236,2026-05-10 07:23:00,u024,anon_u024,s0059,purchase,affiliate,/checkout,,o0059,270.62,tablet
evt00237,2026-05-10 09:15:00,u001,anon_u001,s0060,session_start,paid_search,/cart,,,,desktop
evt00238,2026-05-10 09:21:00,u001,anon_u001,s0060,page_view,paid_search,/checkout,,,,desktop
evt00239,2026-05-10 09:27:00,u001,anon_u001,s0060,view_item,paid_search,/product/p001,p001,,,desktop
evt00240,2026-05-10 09:33:00,u001,anon_u001,s0060,add_to_cart,paid_search,/,p001,,,desktop
evt00241,2026-05-10 09:39:00,u001,anon_u001,s0060,begin_checkout,paid_search,/collections/new,,,,desktop
evt00242,2026-05-10 09:45:00,u001,anon_u001,s0060,purchase,paid_search,/collections/bestsellers,,o0060,58.95,desktop
evt00243,2026-05-10 11:23:00,u008,anon_u008,s0061,session_start,organic_search,/checkout,,,,mobile
evt00244,2026-05-10 11:29:00,u008,anon_u008,s0061,page_view,organic_search,/account,,,,mobile
evt00245,2026-05-10 11:35:00,u008,anon_u008,s0061,purchase,organic_search,/,,o0061,265.21,mobile
evt00246,2026-05-10 13:31:00,u015,anon_u015,s0062,session_start,social,/account,,,,tablet
evt00247,2026-05-10 13:37:00,u015,anon_u015,s0062,page_view,social,/,,,,tablet
evt00248,2026-05-10 13:43:00,u015,anon_u015,s0062,view_item,social,/product/p005,p005,,,tablet
evt00249,2026-05-10 13:49:00,u015,anon_u015,s0062,purchase,social,/collections/bestsellers,,o0062,315.01,tablet
evt00250,2026-05-10 15:39:00,u022,anon_u022,s0063,session_start,email,/,,,,desktop
evt00251,2026-05-10 15:45:00,u022,anon_u022,s0063,page_view,email,/collections/new,,,,desktop
evt00252,2026-05-10 15:51:00,u022,anon_u022,s0063,add_to_cart,email,/collections/bestsellers,p007,,,desktop
evt00253,2026-05-10 15:57:00,u022,anon_u022,s0063,purchase,email,/product,,o0063,84.93,desktop
evt00254,2026-05-10 17:43:00,u029,anon_u029,s0064,session_start,direct,/collections/new,,,,mobile
evt00255,2026-05-10 17:49:00,u029,anon_u029,s0064,page_view,direct,/collections/bestsellers,,,,mobile
evt00256,2026-05-10 17:55:00,u029,anon_u029,s0064,view_item,direct,/product/p009,p009,,,mobile
evt00257,2026-05-10 18:01:00,u029,anon_u029,s0064,purchase,direct,/cart,,o0064,228.41,mobile
evt00258,2026-05-10 19:06:00,u006,anon_u006,s0065,session_start,affiliate,/collections/bestsellers,,,,tablet
evt00259,2026-05-10 19:12:00,u006,anon_u006,s0065,page_view,affiliate,/product,,,,tablet
evt00260,2026-05-10 19:18:00,u006,anon_u006,s0065,begin_checkout,affiliate,/cart,,,,tablet
evt00261,2026-05-10 19:24:00,u006,anon_u006,s0065,purchase,affiliate,/checkout,,o0065,347.48,tablet
evt00262,2026-05-10 21:14:00,u013,anon_u013,s0066,session_start,paid_search,/product,,,,desktop
evt00263,2026-05-10 21:20:00,u013,anon_u013,s0066,page_view,paid_search,/cart,,,,desktop
evt00264,2026-05-10 21:26:00,u013,anon_u013,s0066,view_item,paid_search,/product/p013,p013,,,desktop
evt00265,2026-05-10 21:32:00,u013,anon_u013,s0066,add_to_cart,paid_search,/account,p013,,,desktop
evt00266,2026-05-10 21:38:00,u013,anon_u013,s0066,purchase,paid_search,/,,o0066,110.91,desktop
evt00267,2026-05-10 23:22:00,u020,anon_u020,s0067,session_start,organic_search,/cart,,,,mobile
evt00268,2026-05-10 23:28:00,u020,anon_u020,s0067,page_view,organic_search,/checkout,,,,mobile
evt00269,2026-05-10 23:34:00,u020,anon_u020,s0067,purchase,organic_search,/account,,o0067,167.79,mobile
evt00270,2026-05-11 01:26:00,u027,anon_u027,s0068,session_start,social,/checkout,,,,tablet
evt00271,2026-05-11 01:32:00,u027,anon_u027,s0068,page_view,social,/account,,,,tablet
evt00272,2026-05-11 01:38:00,u027,anon_u027,s0068,view_item,social,/product/p017,p017,,,tablet
evt00273,2026-05-11 01:44:00,u027,anon_u027,s0068,purchase,social,/collections/new,,o0068,280.37,tablet
evt00274,2026-05-11 03:34:00,u004,anon_u004,s0069,session_start,email,/account,,,,desktop
evt00275,2026-05-11 03:40:00,u004,anon_u004,s0069,page_view,email,/,,,,desktop
evt00276,2026-05-11 03:46:00,u004,anon_u004,s0069,add_to_cart,email,/collections/new,p019,,,desktop
evt00277,2026-05-11 03:52:00,u004,anon_u004,s0069,purchase,email,/collections/bestsellers,,o0069,52.46,desktop
evt00278,2026-05-11 05:42:00,u011,anon_u011,s0070,session_start,direct,/,,,,mobile
evt00279,2026-05-11 05:48:00,u011,anon_u011,s0070,page_view,direct,/collections/new,,,,mobile
evt00280,2026-05-11 05:54:00,u011,anon_u011,s0070,view_item,direct,/product/p021,p021,,,mobile
evt00281,2026-05-11 06:00:00,u011,anon_u011,s0070,begin_checkout,direct,/product,,,,mobile
evt00282,2026-05-11 06:06:00,u011,anon_u011,s0070,purchase,direct,/cart,,o0070,0.00,mobile
evt00283,2026-05-11 07:05:00,u018,anon_u018,s0071,session_start,affiliate,/collections/new,,,,tablet
evt00284,2026-05-11 07:11:00,u018,anon_u018,s0071,page_view,affiliate,/collections/bestsellers,,,,tablet
evt00285,2026-05-11 07:17:00,u018,anon_u018,s0071,purchase,affiliate,/product,,o0071,235.98,tablet
evt00286,2026-05-11 09:09:00,u025,anon_u025,s0072,session_start,paid_search,/collections/bestsellers,,,,desktop
evt00287,2026-05-11 09:15:00,u025,anon_u025,s0072,page_view,paid_search,/product,,,,desktop
evt00288,2026-05-11 09:21:00,u025,anon_u025,s0072,view_item,paid_search,/product/p001,p001,,,desktop
evt00289,2026-05-11 09:27:00,u025,anon_u025,s0072,add_to_cart,paid_search,/checkout,p001,,,desktop
evt00290,2026-05-11 09:33:00,u025,anon_u025,s0072,purchase,paid_search,/account,,o0072,76.27,desktop
evt00291,2026-05-11 11:17:00,u002,anon_u002,s0073,session_start,organic_search,/product,,,,mobile
evt00292,2026-05-11 11:23:00,u002,anon_u002,s0073,page_view,organic_search,/cart,,,,mobile
evt00293,2026-05-11 11:29:00,u002,anon_u002,s0073,purchase,organic_search,/checkout,,o0073,298.77,mobile
evt00294,2026-05-11 13:25:00,u009,anon_u009,s0074,session_start,social,/cart,,,,tablet
evt00295,2026-05-11 13:31:00,u009,anon_u009,s0074,page_view,social,/checkout,,,,tablet
evt00296,2026-05-11 13:37:00,u009,anon_u009,s0074,view_item,social,/product/p005,p005,,,tablet
evt00297,2026-05-11 13:43:00,u009,anon_u009,s0074,purchase,social,/,,o0074,244.64,tablet
evt00298,2026-05-11 15:33:00,u016,anon_u016,s0075,session_start,email,/checkout,,,,desktop
evt00299,2026-05-11 15:39:00,u016,anon_u016,s0075,page_view,email,/account,,,,desktop
evt00300,2026-05-11 15:45:00,u016,anon_u016,s0075,add_to_cart,email,/,p007,,,desktop
evt00301,2026-05-11 15:51:00,u016,anon_u016,s0075,begin_checkout,email,/collections/new,,,,desktop
evt00302,2026-05-11 15:57:00,u016,anon_u016,s0075,purchase,email,/collections/bestsellers,,o0075,26.48,desktop
evt00303,2026-05-11 17:37:00,u023,anon_u023,s0076,session_start,direct,/account,,,,mobile
evt00304,2026-05-11 17:43:00,u023,anon_u023,s0076,page_view,direct,/,,,,mobile
evt00305,2026-05-11 17:49:00,u023,anon_u023,s0076,view_item,direct,/product/p009,p009,,,mobile
evt00306,2026-05-11 17:55:00,u023,anon_u023,s0076,purchase,direct,/collections/bestsellers,,o0076,191.60,mobile
evt00307,2026-05-11 19:45:00,u030,anon_u030,s0077,session_start,affiliate,/,,,,tablet
evt00308,2026-05-11 19:51:00,u030,anon_u030,s0077,page_view,affiliate,/collections/new,,,,tablet
evt00309,2026-05-11 19:57:00,u030,anon_u030,s0077,purchase,affiliate,/collections/bestsellers,,o0077,227.32,tablet
evt00310,2026-05-11 21:08:00,u007,anon_u007,s0078,session_start,paid_search,/collections/new,,,,desktop
evt00311,2026-05-11 21:14:00,u007,anon_u007,s0078,page_view,paid_search,/collections/bestsellers,,,,desktop
evt00312,2026-05-11 21:20:00,u007,anon_u007,s0078,view_item,paid_search,/product/p013,p013,,,desktop
evt00313,2026-05-11 21:26:00,u007,anon_u007,s0078,add_to_cart,paid_search,/cart,p013,,,desktop
evt00314,2026-05-11 21:32:00,u007,anon_u007,s0078,purchase,paid_search,/checkout,,o0078,78.44,desktop
evt00315,2026-05-11 23:16:00,u014,anon_u014,s0079,session_start,organic_search,/collections/bestsellers,,,,mobile
evt00316,2026-05-11 23:22:00,u014,anon_u014,s0079,page_view,organic_search,/product,,,,mobile
evt00317,2026-05-11 23:28:00,u014,anon_u014,s0079,purchase,organic_search,/cart,,o0079,197.02,mobile
evt00318,2026-05-12 01:20:00,u021,anon_u021,s0080,session_start,social,/product,,,,tablet
evt00319,2026-05-12 01:26:00,u021,anon_u021,s0080,page_view,social,/cart,,,,tablet
evt00320,2026-05-12 01:32:00,u021,anon_u021,s0080,view_item,social,/product/p017,p017,,,tablet
evt00321,2026-05-12 01:38:00,u021,anon_u021,s0080,begin_checkout,social,/account,,,,tablet
evt00322,2026-05-12 01:44:00,u021,anon_u021,s0080,purchase,social,/,,o0080,211.09,tablet
evt00323,2026-05-12 03:28:00,u028,anon_u028,s0081,session_start,email,/cart,,,,desktop
evt00324,2026-05-12 03:34:00,u028,anon_u028,s0081,page_view,email,/checkout,,,,desktop
evt00325,2026-05-12 03:40:00,u028,anon_u028,s0081,add_to_cart,email,/account,p019,,,desktop
evt00326,2026-05-12 03:46:00,u028,anon_u028,s0081,purchase,email,/,,o0081,128.82,desktop
evt00327,2026-05-12 05:36:00,u005,anon_u005,s0082,session_start,direct,/checkout,,,,mobile
evt00328,2026-05-12 05:42:00,u005,anon_u005,s0082,page_view,direct,/account,,,,mobile
evt00329,2026-05-12 05:48:00,u005,anon_u005,s0082,view_item,direct,/product/p021,p021,,,mobile
evt00330,2026-05-12 05:54:00,u005,anon_u005,s0082,purchase,direct,/collections/new,,o0082,233.82,mobile
evt00331,2026-05-12 07:44:00,u012,anon_u012,s0083,session_start,affiliate,/account,,,,tablet
evt00332,2026-05-12 07:50:00,u012,anon_u012,s0083,page_view,affiliate,/,,,,tablet
evt00333,2026-05-12 07:56:00,u012,anon_u012,s0083,purchase,affiliate,/collections/new,,o0083,270.62,tablet
evt00334,2026-05-12 09:03:00,u019,anon_u019,s0084,session_start,paid_search,/,,,,desktop
evt00335,2026-05-12 09:09:00,u019,anon_u019,s0084,page_view,paid_search,/collections/new,,,,desktop
evt00336,2026-05-12 09:15:00,u019,anon_u019,s0084,view_item,paid_search,/product/p001,p001,,,desktop
evt00337,2026-05-12 09:21:00,u019,anon_u019,s0084,add_to_cart,paid_search,/product,p001,,,desktop
evt00338,2026-05-12 09:27:00,u019,anon_u019,s0084,purchase,paid_search,/cart,,o0084,58.95,desktop
evt00339,2026-05-12 11:11:00,u026,anon_u026,s0085,session_start,organic_search,/collections/new,,,,mobile
evt00340,2026-05-12 11:17:00,u026,anon_u026,s0085,page_view,organic_search,/collections/bestsellers,,,,mobile
evt00341,2026-05-12 11:23:00,u026,anon_u026,s0085,begin_checkout,organic_search,/product,,,,mobile
evt00342,2026-05-12 11:29:00,u026,anon_u026,s0085,purchase,organic_search,/cart,,o0085,270.62,mobile
evt00343,2026-05-12 13:19:00,u003,anon_u003,s0086,session_start,social,/collections/bestsellers,,,,tablet
evt00344,2026-05-12 13:25:00,u003,anon_u003,s0086,page_view,social,/product,,,,tablet
evt00345,2026-05-12 13:31:00,u003,anon_u003,s0086,view_item,social,/product/p005,p005,,,tablet
evt00346,2026-05-12 13:37:00,u003,anon_u003,s0086,purchase,social,/checkout,,o0086,320.42,tablet
evt00347,2026-05-12 15:27:00,u010,anon_u010,s0087,session_start,email,/product,,,,desktop
evt00348,2026-05-12 15:33:00,u010,anon_u010,s0087,page_view,email,/cart,,,,desktop
evt00349,2026-05-12 15:39:00,u010,anon_u010,s0087,add_to_cart,email,/checkout,p007,,,desktop
evt00350,2026-05-12 15:45:00,u010,anon_u010,s0087,purchase,email,/account,,o0087,84.93,desktop
evt00351,2026-05-12 17:31:00,u017,anon_u017,s0088,session_start,direct,/cart,,,,mobile
evt00352,2026-05-12 17:37:00,u017,anon_u017,s0088,page_view,direct,/checkout,,,,mobile
evt00353,2026-05-12 17:43:00,u017,anon_u017,s0088,view_item,direct,/product/p009,p009,,,mobile
evt00354,2026-05-12 17:49:00,u017,anon_u017,s0088,purchase,direct,/,,o0088,223.00,mobile
evt00355,2026-05-12 19:39:00,u024,anon_u024,s0089,session_start,affiliate,/checkout,,,,tablet
evt00356,2026-05-12 19:45:00,u024,anon_u024,s0089,page_view,affiliate,/account,,,,tablet
evt00357,2026-05-12 19:51:00,u024,anon_u024,s0089,purchase,affiliate,/,,o0089,352.89,tablet
evt00358,2026-05-12 21:02:00,u001,anon_u001,s0090,session_start,paid_search,/account,,,,desktop
evt00359,2026-05-12 21:08:00,u001,anon_u001,s0090,page_view,paid_search,/,,,,desktop
evt00360,2026-05-12 21:14:00,u001,anon_u001,s0090,view_item,paid_search,/product/p013,p013,,,desktop
evt00361,2026-05-12 21:20:00,u001,anon_u001,s0090,add_to_cart,paid_search,/collections/bestsellers,p013,,,desktop
evt00362,2026-05-12 21:26:00,u001,anon_u001,s0090,begin_checkout,paid_search,/product,,,,desktop
evt00363,2026-05-12 21:32:00,u001,anon_u001,s0090,purchase,paid_search,/cart,,o0090,110.91,desktop
evt00364,2026-05-12 23:10:00,u008,anon_u008,s0091,session_start,organic_search,/,,,,mobile
evt00365,2026-05-12 23:16:00,u008,anon_u008,s0091,page_view,organic_search,/collections/new,,,,mobile
evt00366,2026-05-12 23:22:00,u008,anon_u008,s0091,purchase,organic_search,/collections/bestsellers,,o0091,156.96,mobile
evt00367,2026-05-13 01:14:00,u015,anon_u015,s0092,session_start,social,/collections/new,,,,tablet
evt00368,2026-05-13 01:20:00,u015,anon_u015,s0092,page_view,social,/collections/bestsellers,,,,tablet
evt00369,2026-05-13 01:26:00,u015,anon_u015,s0092,view_item,social,/product/p017,p017,,,tablet
evt00370,2026-05-13 01:32:00,u015,anon_u015,s0092,purchase,social,/cart,,o0092,280.37,tablet
evt00371,2026-05-13 03:22:00,u022,anon_u022,s0093,session_start,email,/collections/bestsellers,,,,desktop
evt00372,2026-05-13 03:28:00,u022,anon_u022,s0093,page_view,email,/product,,,,desktop
evt00373,2026-05-13 03:34:00,u022,anon_u022,s0093,add_to_cart,email,/cart,p019,,,desktop
evt00374,2026-05-13 03:40:00,u022,anon_u022,s0093,purchase,email,/checkout,,o0093,52.46,desktop
evt00375,2026-05-13 05:30:00,u029,anon_u029,s0094,session_start,direct,/product,,,,mobile
evt00376,2026-05-13 05:36:00,u029,anon_u029,s0094,page_view,direct,/cart,,,,mobile
evt00377,2026-05-13 05:42:00,u029,anon_u029,s0094,view_item,direct,/product/p021,p021,,,mobile
evt00378,2026-05-13 05:48:00,u029,anon_u029,s0094,purchase,direct,/account,,o0094,285.78,mobile
evt00379,2026-05-13 07:38:00,u006,anon_u006,s0095,session_start,affiliate,/cart,,,,tablet
evt00380,2026-05-13 07:44:00,u006,anon_u006,s0095,page_view,affiliate,/checkout,,,,tablet
evt00381,2026-05-13 07:50:00,u006,anon_u006,s0095,begin_checkout,affiliate,/account,,,,tablet
evt00382,2026-05-13 07:56:00,u006,anon_u006,s0095,purchase,affiliate,/,,o0095,241.40,tablet
evt00383,2026-05-13 09:42:00,u013,anon_u013,s0096,session_start,paid_search,/checkout,,,,desktop
evt00384,2026-05-13 09:48:00,u013,anon_u013,s0096,page_view,paid_search,/account,,,,desktop
evt00385,2026-05-13 09:54:00,u013,anon_u013,s0096,view_item,paid_search,/product/p001,p001,,,desktop
evt00386,2026-05-13 10:00:00,u013,anon_u013,s0096,add_to_cart,paid_search,/collections/new,p001,,,desktop
evt00387,2026-05-13 10:06:00,u013,anon_u013,s0096,purchase,paid_search,/collections/bestsellers,,o0096,76.27,desktop
evt00388,2026-05-13 11:05:00,u020,anon_u020,s0097,session_start,organic_search,/account,,,,mobile
evt00389,2026-05-13 11:11:00,u020,anon_u020,s0097,page_view,organic_search,/,,,,mobile
evt00390,2026-05-13 11:17:00,u020,anon_u020,s0097,purchase,organic_search,/collections/new,,o0097,293.36,mobile
evt00391,2026-05-13 13:13:00,u027,anon_u027,s0098,session_start,social,/,,,,tablet
evt00392,2026-05-13 13:19:00,u027,anon_u027,s0098,page_view,social,/collections/new,,,,tablet
evt00393,2026-05-13 13:25:00,u027,anon_u027,s0098,view_item,social,/product/p005,p005,,,tablet
evt00394,2026-05-13 13:31:00,u027,anon_u027,s0098,purchase,social,/product,,o0098,239.23,tablet
evt00395,2026-05-13 15:21:00,u004,anon_u004,s0099,session_start,email,/collections/new,,,,desktop
evt00396,2026-05-13 15:27:00,u004,anon_u004,s0099,page_view,email,/collections/bestsellers,,,,desktop
evt00397,2026-05-13 15:33:00,u004,anon_u004,s0099,add_to_cart,email,/product,p007,,,desktop
evt00398,2026-05-13 15:39:00,u004,anon_u004,s0099,purchase,email,/cart,,o0099,26.48,desktop
evt00399,2026-05-13 17:25:00,u011,anon_u011,s0100,session_start,direct,/collections/bestsellers,,,,mobile
evt00400,2026-05-13 17:31:00,u011,anon_u011,s0100,page_view,direct,/product,,,,mobile
evt00401,2026-05-13 17:37:00,u011,anon_u011,s0100,view_item,direct,/product/p009,p009,,,mobile
evt00402,2026-05-13 17:43:00,u011,anon_u011,s0100,begin_checkout,direct,/checkout,,,,mobile
evt00403,2026-05-13 17:49:00,u011,anon_u011,s0100,purchase,direct,/account,,o0100,191.60,mobile
evt00404,2026-05-13 19:33:00,u018,anon_u018,s0101,session_start,affiliate,/product,,,,tablet
evt00405,2026-05-13 19:39:00,u018,anon_u018,s0101,page_view,affiliate,/cart,,,,tablet
evt00406,2026-05-13 19:45:00,u018,anon_u018,s0101,purchase,affiliate,/checkout,,o0101,227.32,tablet
evt00407,2026-05-13 21:41:00,u025,anon_u025,s0102,session_start,paid_search,/cart,,,,desktop
evt00408,2026-05-13 21:47:00,u025,anon_u025,s0102,page_view,paid_search,/checkout,,,,desktop
evt00409,2026-05-13 21:53:00,u025,anon_u025,s0102,view_item,paid_search,/product/p013,p013,,,desktop
evt00410,2026-05-13 21:59:00,u025,anon_u025,s0102,add_to_cart,paid_search,/,p013,,,desktop
evt00411,2026-05-13 22:05:00,u025,anon_u025,s0102,purchase,paid_search,/collections/new,,o0102,89.26,desktop
evt00412,2026-05-13 23:04:00,u002,anon_u002,s0103,session_start,organic_search,/checkout,,,,mobile
evt00413,2026-05-13 23:10:00,u002,anon_u002,s0103,page_view,organic_search,/account,,,,mobile
evt00414,2026-05-13 23:16:00,u002,anon_u002,s0103,purchase,organic_search,/,,o0103,202.43,mobile
evt00415,2026-05-14 01:08:00,u009,anon_u009,s0104,session_start,social,/account,,,,tablet
evt00416,2026-05-14 01:14:00,u009,anon_u009,s0104,page_view,social,/,,,,tablet
evt00417,2026-05-14 01:20:00,u009,anon_u009,s0104,view_item,social,/product/p017,p017,,,tablet
evt00418,2026-05-14 01:26:00,u009,anon_u009,s0104,purchase,social,/collections/bestsellers,,o0104,205.68,tablet
evt00419,2026-05-14 03:16:00,u016,anon_u016,s0105,session_start,email,/,,,,desktop
evt00420,2026-05-14 03:22:00,u016,anon_u016,s0105,page_view,email,/collections/new,,,,desktop
evt00421,2026-05-14 03:28:00,u016,anon_u016,s0105,add_to_cart,email,/collections/bestsellers,p019,,,desktop
evt00422,2026-05-14 03:34:00,u016,anon_u016,s0105,begin_checkout,email,/product,,,,desktop
evt00423,2026-05-14 03:40:00,u016,anon_u016,s0105,purchase,email,/cart,,o0105,0.00,desktop
evt00424,2026-05-14 05:24:00,u023,anon_u023,s0106,session_start,direct,/collections/new,,,,mobile
evt00425,2026-05-14 05:30:00,u023,anon_u023,s0106,page_view,direct,/collections/bestsellers,,,,mobile
evt00426,2026-05-14 05:36:00,u023,anon_u023,s0106,view_item,direct,/product/p021,p021,,,mobile
evt00427,2026-05-14 05:42:00,u023,anon_u023,s0106,purchase,direct,/cart,,o0106,228.41,mobile
evt00428,2026-05-14 07:32:00,u030,anon_u030,s0107,session_start,affiliate,/collections/bestsellers,,,,tablet
evt00429,2026-05-14 07:38:00,u030,anon_u030,s0107,page_view,affiliate,/product,,,,tablet
evt00430,2026-05-14 07:44:00,u030,anon_u030,s0107,purchase,affiliate,/cart,,o0107,265.21,tablet
evt00431,2026-05-14 09:36:00,u007,anon_u007,s0108,session_start,paid_search,/product,,,,desktop
evt00432,2026-05-14 09:42:00,u007,anon_u007,s0108,page_view,paid_search,/cart,,,,desktop
evt00433,2026-05-14 09:48:00,u007,anon_u007,s0108,view_item,paid_search,/product/p001,p001,,,desktop
evt00434,2026-05-14 09:54:00,u007,anon_u007,s0108,add_to_cart,paid_search,/account,p001,,,desktop
evt00435,2026-05-14 10:00:00,u007,anon_u007,s0108,purchase,paid_search,/,,o0108,58.95,desktop
evt00436,2026-05-14 11:44:00,u014,anon_u014,s0109,session_start,organic_search,/cart,,,,mobile
evt00437,2026-05-14 11:50:00,u014,anon_u014,s0109,page_view,organic_search,/checkout,,,,mobile
evt00438,2026-05-14 11:56:00,u014,anon_u014,s0109,purchase,organic_search,/account,,o0109,270.62,mobile
evt00439,2026-05-14 13:07:00,u021,anon_u021,s0110,session_start,social,/checkout,,,,tablet
evt00440,2026-05-14 13:13:00,u021,anon_u021,s0110,page_view,social,/account,,,,tablet
evt00441,2026-05-14 13:19:00,u021,anon_u021,s0110,view_item,social,/product/p005,p005,,,tablet
evt00442,2026-05-14 13:25:00,u021,anon_u021,s0110,begin_checkout,social,/collections/new,,,,tablet
evt00443,2026-05-14 13:31:00,u021,anon_u021,s0110,purchase,social,/collections/bestsellers,,o0110,320.42,tablet
evt00444,2026-05-14 15:15:00,u016,anon_u016,s0111,session_start,email,/account,,,,desktop
evt00445,2026-05-14 15:21:00,u016,anon_u016,s0111,page_view,email,/,,,,desktop
evt00446,2026-05-14 15:27:00,u016,anon_u016,s0111,add_to_cart,email,/collections/new,p007,,,desktop
evt00447,2026-05-14 17:19:00,u021,anon_u021,s0112,session_start,direct,/,,,,mobile
evt00448,2026-05-14 17:25:00,u021,anon_u021,s0112,page_view,direct,/collections/new,,,,mobile
evt00449,2026-05-14 17:31:00,u021,anon_u021,s0112,view_item,direct,/product/p009,p009,,,mobile
evt00450,2026-05-14 19:27:00,u026,anon_u026,s0113,session_start,affiliate,/collections/new,,,,tablet
evt00451,2026-05-14 19:33:00,u026,anon_u026,s0113,page_view,affiliate,/collections/bestsellers,,,,tablet
evt00452,2026-05-14 21:35:00,u001,anon_u001,s0114,session_start,paid_search,/collections/bestsellers,,,,desktop
evt00453,2026-05-14 21:41:00,u001,anon_u001,s0114,page_view,paid_search,/product,,,,desktop
evt00454,2026-05-14 21:47:00,u001,anon_u001,s0114,view_item,paid_search,/product/p013,p013,,,desktop
evt00455,2026-05-14 21:53:00,u001,anon_u001,s0114,add_to_cart,paid_search,/checkout,p013,,,desktop
evt00456,2026-05-14 23:43:00,u006,anon_u006,s0115,session_start,organic_search,/product,,,,mobile
evt00457,2026-05-14 23:49:00,u006,anon_u006,s0115,page_view,organic_search,/cart,,,,mobile
evt00458,2026-05-14 23:55:00,u006,anon_u006,s0115,begin_checkout,organic_search,/checkout,,,,mobile
evt00459,2026-05-15 01:02:00,u011,anon_u011,s0116,session_start,social,/cart,,,,tablet
evt00460,2026-05-15 01:08:00,u011,anon_u011,s0116,page_view,social,/checkout,,,,tablet
evt00461,2026-05-15 01:14:00,u011,anon_u011,s0116,view_item,social,/product/p017,p017,,,tablet
evt00462,2026-05-15 03:10:00,u016,anon_u016,s0117,session_start,email,/checkout,,,,desktop
evt00463,2026-05-15 03:16:00,u016,anon_u016,s0117,page_view,email,/account,,,,desktop
evt00464,2026-05-15 03:22:00,u016,anon_u016,s0117,add_to_cart,email,/,p019,,,desktop
evt00465,2026-05-15 05:18:00,u021,anon_u021,s0118,session_start,direct,/account,,,,mobile
evt00466,2026-05-15 05:24:00,u021,anon_u021,s0118,page_view,direct,/,,,,mobile
evt00467,2026-05-15 05:30:00,u021,anon_u021,s0118,view_item,direct,/product/p021,p021,,,mobile
evt00468,2026-05-15 07:26:00,u026,anon_u026,s0119,session_start,affiliate,/,,,,tablet
evt00469,2026-05-15 07:32:00,u026,anon_u026,s0119,page_view,affiliate,/collections/new,,,,tablet
evt00470,2026-05-15 09:30:00,u001,anon_u001,s0120,session_start,paid_search,/collections/new,,,,desktop
evt00471,2026-05-15 09:36:00,u001,anon_u001,s0120,page_view,paid_search,/collections/bestsellers,,,,desktop
evt00472,2026-05-15 09:42:00,u001,anon_u001,s0120,view_item,paid_search,/product/p001,p001,,,desktop
evt00473,2026-05-15 09:48:00,u001,anon_u001,s0120,add_to_cart,paid_search,/cart,p001,,,desktop
evt00474,2026-05-15 09:54:00,u001,anon_u001,s0120,begin_checkout,paid_search,/checkout,,,,desktop
evt00475,2026-05-15 11:38:00,u006,anon_u006,s0121,session_start,organic_search,/collections/bestsellers,,,,mobile
evt00476,2026-05-15 11:44:00,u006,anon_u006,s0121,page_view,organic_search,/product,,,,mobile
evt00477,2026-05-15 13:46:00,u011,anon_u011,s0122,session_start,social,/product,,,,tablet
evt00478,2026-05-15 13:52:00,u011,anon_u011,s0122,page_view,social,/cart,,,,tablet
evt00479,2026-05-15 13:58:00,u011,anon_u011,s0122,view_item,social,/product/p005,p005,,,tablet
evt00480,2026-05-15 15:09:00,u016,anon_u016,s0123,session_start,email,/cart,,,,desktop
evt00481,2026-05-15 15:15:00,u016,anon_u016,s0123,page_view,email,/checkout,,,,desktop
evt00482,2026-05-15 15:21:00,u016,anon_u016,s0123,add_to_cart,email,/account,p007,,,desktop
evt00483,2026-05-15 17:13:00,u021,anon_u021,s0124,session_start,direct,/checkout,,,,mobile
evt00484,2026-05-15 17:19:00,u021,anon_u021,s0124,page_view,direct,/account,,,,mobile
evt00485,2026-05-15 17:25:00,u021,anon_u021,s0124,view_item,direct,/product/p009,p009,,,mobile
evt00486,2026-05-15 19:21:00,u026,anon_u026,s0125,session_start,affiliate,/account,,,,tablet
evt00487,2026-05-15 19:27:00,u026,anon_u026,s0125,page_view,affiliate,/,,,,tablet
evt00488,2026-05-15 19:33:00,u026,anon_u026,s0125,begin_checkout,affiliate,/collections/new,,,,tablet
evt00489,2026-05-15 21:29:00,u001,anon_u001,s0126,session_start,paid_search,/,,,,desktop
evt00490,2026-05-15 21:35:00,u001,anon_u001,s0126,page_view,paid_search,/collections/new,,,,desktop
evt00491,2026-05-15 21:41:00,u001,anon_u001,s0126,view_item,paid_search,/product/p013,p013,,,desktop
evt00492,2026-05-15 21:47:00,u001,anon_u001,s0126,add_to_cart,paid_search,/product,p013,,,desktop
evt00493,2026-05-15 23:37:00,u006,anon_u006,s0127,session_start,organic_search,/collections/new,,,,mobile
evt00494,2026-05-15 23:43:00,u006,anon_u006,s0127,page_view,organic_search,/collections/bestsellers,,,,mobile
evt00495,2026-05-16 01:41:00,u011,anon_u011,s0128,session_start,social,/collections/bestsellers,,,,tablet
evt00496,2026-05-16 01:47:00,u011,anon_u011,s0128,page_view,social,/product,,,,tablet
evt00497,2026-05-16 01:53:00,u011,anon_u011,s0128,view_item,social,/product/p017,p017,,,tablet
evt00498,2026-05-16 03:04:00,u016,anon_u016,s0129,session_start,email,/product,,,,desktop
evt00499,2026-05-16 03:10:00,u016,anon_u016,s0129,page_view,email,/cart,,,,desktop
evt00500,2026-05-16 03:16:00,u016,anon_u016,s0129,add_to_cart,email,/checkout,p019,,,desktop
evt00501,2026-05-16 05:12:00,u021,anon_u021,s0130,session_start,direct,/cart,,,,mobile
evt00502,2026-05-16 05:18:00,u021,anon_u021,s0130,page_view,direct,/checkout,,,,mobile
evt00503,2026-05-16 05:24:00,u021,anon_u021,s0130,view_item,direct,/product/p021,p021,,,mobile
evt00504,2026-05-16 05:30:00,u021,anon_u021,s0130,begin_checkout,direct,/,,,,mobile
evt00505,2026-05-16 07:20:00,u026,anon_u026,s0131,session_start,affiliate,/checkout,,,,tablet
evt00506,2026-05-16 07:26:00,u026,anon_u026,s0131,page_view,affiliate,/account,,,,tablet
evt00507,2026-05-16 09:24:00,u001,anon_u001,s0132,session_start,paid_search,/account,,,,desktop
evt00508,2026-05-16 09:30:00,u001,anon_u001,s0132,page_view,paid_search,/,,,,desktop
evt00509,2026-05-16 09:36:00,u001,anon_u001,s0132,view_item,paid_search,/product/p001,p001,,,desktop
evt00510,2026-05-16 09:42:00,u001,anon_u001,s0132,add_to_cart,paid_search,/collections/bestsellers,p001,,,desktop
evt00511,2026-05-16 11:32:00,u006,anon_u006,s0133,session_start,organic_search,/,,,,mobile
evt00512,2026-05-16 11:38:00,u006,anon_u006,s0133,page_view,organic_search,/collections/new,,,,mobile
evt00513,2026-05-16 13:40:00,u011,anon_u011,s0134,session_start,social,/collections/new,,,,tablet
evt00514,2026-05-16 13:46:00,u011,anon_u011,s0134,page_view,social,/collections/bestsellers,,,,tablet
evt00515,2026-05-16 13:52:00,u011,anon_u011,s0134,view_item,social,/product/p005,p005,,,tablet
evt00516,2026-05-16 15:03:00,u016,anon_u016,s0135,session_start,email,/collections/bestsellers,,,,desktop
evt00517,2026-05-16 15:09:00,u016,anon_u016,s0135,page_view,email,/product,,,,desktop
evt00518,2026-05-16 15:15:00,u016,anon_u016,s0135,add_to_cart,email,/cart,p007,,,desktop
evt00519,2026-05-16 15:21:00,u016,anon_u016,s0135,begin_checkout,email,/checkout,,,,desktop
evt00520,2026-05-16 17:07:00,u021,anon_u021,s0136,session_start,direct,/product,,,,mobile
evt00521,2026-05-16 17:13:00,u021,anon_u021,s0136,page_view,direct,/cart,,,,mobile
evt00522,2026-05-16 17:19:00,u021,anon_u021,s0136,view_item,direct,/product/p009,p009,,,mobile
evt00523,2026-05-16 19:15:00,u026,anon_u026,s0137,session_start,affiliate,/cart,,,,tablet
evt00524,2026-05-16 19:21:00,u026,anon_u026,s0137,page_view,affiliate,/checkout,,,,tablet
evt00525,2026-05-16 21:23:00,u001,anon_u001,s0138,session_start,paid_search,/checkout,,,,desktop
evt00526,2026-05-16 21:29:00,u001,anon_u001,s0138,page_view,paid_search,/account,,,,desktop
evt00527,2026-05-16 21:35:00,u001,anon_u001,s0138,view_item,paid_search,/product/p013,p013,,,desktop
evt00528,2026-05-16 21:41:00,u001,anon_u001,s0138,add_to_cart,paid_search,/collections/new,p013,,,desktop
evt00529,2026-05-16 23:31:00,u006,anon_u006,s0139,session_start,organic_search,/account,,,,mobile
evt00530,2026-05-16 23:37:00,u006,anon_u006,s0139,page_view,organic_search,/,,,,mobile
evt00531,2026-05-17 01:35:00,u011,anon_u011,s0140,session_start,social,/,,,,tablet
evt00532,2026-05-17 01:41:00,u011,anon_u011,s0140,page_view,social,/collections/new,,,,tablet
evt00533,2026-05-17 01:47:00,u011,anon_u011,s0140,view_item,social,/product/p017,p017,,,tablet
evt00534,2026-05-17 01:53:00,u011,anon_u011,s0140,begin_checkout,social,/product,,,,tablet
evt00535,2026-05-17 03:43:00,u016,anon_u016,s0141,session_start,email,/collections/new,,,,desktop
evt00536,2026-05-17 03:49:00,u016,anon_u016,s0141,page_view,email,/collections/bestsellers,,,,desktop
evt00537,2026-05-17 03:55:00,u016,anon_u016,s0141,add_to_cart,email,/product,p019,,,desktop
evt00538,2026-05-17 05:06:00,u021,anon_u021,s0142,session_start,direct,/collections/bestsellers,,,,mobile
evt00539,2026-05-17 05:12:00,u021,anon_u021,s0142,page_view,direct,/product,,,,mobile
evt00540,2026-05-17 05:18:00,u021,anon_u021,s0142,view_item,direct,/product/p021,p021,,,mobile
evt00541,2026-05-17 07:14:00,u026,anon_u026,s0143,session_start,affiliate,/product,,,,tablet
evt00542,2026-05-17 07:20:00,u026,anon_u026,s0143,page_view,affiliate,/cart,,,,tablet
evt00543,2026-05-17 09:18:00,u001,anon_u001,s0144,session_start,paid_search,/cart,,,,desktop
evt00544,2026-05-17 09:24:00,u001,anon_u001,s0144,page_view,paid_search,/checkout,,,,desktop
evt00545,2026-05-17 09:30:00,u001,anon_u001,s0144,view_item,paid_search,/product/p001,p001,,,desktop
evt00546,2026-05-17 09:36:00,u001,anon_u001,s0144,add_to_cart,paid_search,/,p001,,,desktop
evt00547,2026-05-17 11:26:00,u006,anon_u006,s0145,session_start,organic_search,/checkout,,,,mobile
evt00548,2026-05-17 11:32:00,u006,anon_u006,s0145,page_view,organic_search,/account,,,,mobile
evt00549,2026-05-17 11:38:00,u006,anon_u006,s0145,begin_checkout,organic_search,/,,,,mobile
evt00550,2026-05-17 13:34:00,u011,anon_u011,s0146,session_start,social,/account,,,,tablet
evt00551,2026-05-17 13:40:00,u011,anon_u011,s0146,page_view,social,/,,,,tablet
evt00552,2026-05-17 13:46:00,u011,anon_u011,s0146,view_item,social,/product/p005,p005,,,tablet
evt00553,2026-05-17 15:42:00,u016,anon_u016,s0147,session_start,email,/,,,,desktop
evt00554,2026-05-17 15:48:00,u016,anon_u016,s0147,page_view,email,/collections/new,,,,desktop
evt00555,2026-05-17 15:54:00,u016,anon_u016,s0147,add_to_cart,email,/collections/bestsellers,p007,,,desktop
evt00556,2026-05-17 17:01:00,u021,anon_u021,s0148,session_start,direct,/collections/new,,,,mobile
evt00557,2026-05-17 17:07:00,u021,anon_u021,s0148,page_view,direct,/collections/bestsellers,,,,mobile
evt00558,2026-05-17 17:13:00,u021,anon_u021,s0148,view_item,direct,/product/p009,p009,,,mobile
evt00559,2026-05-17 19:09:00,u026,anon_u026,s0149,session_start,affiliate,/collections/bestsellers,,,,tablet
evt00560,2026-05-17 19:15:00,u026,anon_u026,s0149,page_view,affiliate,/product,,,,tablet
evt00561,2026-05-17 21:17:00,u001,anon_u001,s0150,session_start,paid_search,/product,,,,desktop
evt00562,2026-05-17 21:23:00,u001,anon_u001,s0150,page_view,paid_search,/cart,,,,desktop
evt00563,2026-05-17 21:29:00,u001,anon_u001,s0150,view_item,paid_search,/product/p013,p013,,,desktop
evt00564,2026-05-17 21:35:00,u001,anon_u001,s0150,add_to_cart,paid_search,/account,p013,,,desktop
evt00565,2026-05-17 21:41:00,u001,anon_u001,s0150,begin_checkout,paid_search,/,,,,desktop
evt00566,2026-05-17 23:25:00,u006,anon_u006,s0151,session_start,organic_search,/cart,,,,mobile
evt00567,2026-05-17 23:31:00,u006,anon_u006,s0151,page_view,organic_search,/checkout,,,,mobile
evt00568,2026-05-18 01:29:00,u011,anon_u011,s0152,session_start,social,/checkout,,,,tablet
evt00569,2026-05-18 01:35:00,u011,anon_u011,s0152,page_view,social,/account,,,,tablet
evt00570,2026-05-18 01:41:00,u011,anon_u011,s0152,view_item,social,/product/p017,p017,,,tablet
evt00571,2026-05-18 03:37:00,u016,anon_u016,s0153,session_start,email,/account,,,,desktop
evt00572,2026-05-18 03:43:00,u016,anon_u016,s0153,page_view,email,/,,,,desktop
evt00573,2026-05-18 03:49:00,u016,anon_u016,s0153,add_to_cart,email,/collections/new,p019,,,desktop
evt00574,2026-05-18 05:45:00,u021,anon_u021,s0154,session_start,direct,/,,,,mobile
evt00575,2026-05-18 05:51:00,u021,anon_u021,s0154,page_view,direct,/collections/new,,,,mobile
evt00576,2026-05-18 05:57:00,u021,anon_u021,s0154,view_item,direct,/product/p021,p021,,,mobile
evt00577,2026-05-18 07:08:00,u026,anon_u026,s0155,session_start,affiliate,/collections/new,,,,tablet
evt00578,2026-05-18 07:14:00,u026,anon_u026,s0155,page_view,affiliate,/collections/bestsellers,,,,tablet
evt00579,2026-05-18 07:20:00,u026,anon_u026,s0155,begin_checkout,affiliate,/product,,,,tablet
evt00580,2026-05-18 09:12:00,u001,anon_u001,s0156,session_start,paid_search,/collections/bestsellers,,,,desktop
evt00581,2026-05-18 09:18:00,u001,anon_u001,s0156,page_view,paid_search,/product,,,,desktop
evt00582,2026-05-18 09:24:00,u001,anon_u001,s0156,view_item,paid_search,/product/p001,p001,,,desktop
evt00583,2026-05-18 09:30:00,u001,anon_u001,s0156,add_to_cart,paid_search,/checkout,p001,,,desktop
evt00584,2026-05-18 11:20:00,u006,anon_u006,s0157,session_start,organic_search,/product,,,,mobile
evt00585,2026-05-18 11:26:00,u006,anon_u006,s0157,page_view,organic_search,/cart,,,,mobile
evt00586,2026-05-18 13:28:00,u011,anon_u011,s0158,session_start,social,/cart,,,,tablet
evt00587,2026-05-18 13:34:00,u011,anon_u011,s0158,page_view,social,/checkout,,,,tablet
evt00588,2026-05-18 13:40:00,u011,anon_u011,s0158,view_item,social,/product/p005,p005,,,tablet
evt00589,2026-05-18 15:36:00,u016,anon_u016,s0159,session_start,email,/checkout,,,,desktop
evt00590,2026-05-18 15:42:00,u016,anon_u016,s0159,page_view,email,/account,,,,desktop
evt00591,2026-05-18 15:48:00,u016,anon_u016,s0159,add_to_cart,email,/,p007,,,desktop
evt00592,2026-05-18 17:40:00,u021,anon_u021,s0160,session_start,direct,/account,,,,mobile
evt00593,2026-05-18 17:46:00,u021,anon_u021,s0160,page_view,direct,/,,,,mobile
evt00594,2026-05-18 17:52:00,u021,anon_u021,s0160,view_item,direct,/product/p009,p009,,,mobile
evt00595,2026-05-18 17:58:00,u021,anon_u021,s0160,begin_checkout,direct,/collections/bestsellers,,,,mobile
evt00596,2026-05-18 19:03:00,u026,anon_u026,s0161,session_start,affiliate,/,,,,tablet
evt00597,2026-05-18 19:09:00,u026,anon_u026,s0161,page_view,affiliate,/collections/new,,,,tablet
evt00598,2026-05-18 21:11:00,u001,anon_u001,s0162,session_start,paid_search,/collections/new,,,,desktop
evt00599,2026-05-18 21:17:00,u001,anon_u001,s0162,page_view,paid_search,/collections/bestsellers,,,,desktop
evt00600,2026-05-18 21:23:00,u001,anon_u001,s0162,view_item,paid_search,/product/p013,p013,,,desktop
evt00601,2026-05-18 21:29:00,u001,anon_u001,s0162,add_to_cart,paid_search,/cart,p013,,,desktop
evt00602,2026-05-18 23:19:00,u006,anon_u006,s0163,session_start,organic_search,/collections/bestsellers,,,,mobile
evt00603,2026-05-18 23:25:00,u006,anon_u006,s0163,page_view,organic_search,/product,,,,mobile
evt00604,2026-05-19 01:23:00,u011,anon_u011,s0164,session_start,social,/product,,,,tablet
evt00605,2026-05-19 01:29:00,u011,anon_u011,s0164,page_view,social,/cart,,,,tablet
evt00606,2026-05-19 01:35:00,u011,anon_u011,s0164,view_item,social,/product/p017,p017,,,tablet
evt00607,2026-05-19 03:31:00,u016,anon_u016,s0165,session_start,email,/cart,,,,desktop
evt00608,2026-05-19 03:37:00,u016,anon_u016,s0165,page_view,email,/checkout,,,,desktop
evt00609,2026-05-19 03:43:00,u016,anon_u016,s0165,add_to_cart,email,/account,p019,,,desktop
evt00610,2026-05-19 03:49:00,u016,anon_u016,s0165,begin_checkout,email,/,,,,desktop
evt00611,2026-05-19 05:39:00,u021,anon_u021,s0166,session_start,direct,/checkout,,,,mobile
evt00612,2026-05-19 05:45:00,u021,anon_u021,s0166,page_view,direct,/account,,,,mobile
evt00613,2026-05-19 05:51:00,u021,anon_u021,s0166,view_item,direct,/product/p021,p021,,,mobile
evt00614,2026-05-19 07:47:00,u026,anon_u026,s0167,session_start,affiliate,/account,,,,tablet
evt00615,2026-05-19 07:53:00,u026,anon_u026,s0167,page_view,affiliate,/,,,,tablet
evt00616,2026-05-19 09:06:00,u001,anon_u001,s0168,session_start,paid_search,/,,,,desktop
evt00617,2026-05-19 09:12:00,u001,anon_u001,s0168,page_view,paid_search,/collections/new,,,,desktop
evt00618,2026-05-19 09:18:00,u001,anon_u001,s0168,view_item,paid_search,/product/p001,p001,,,desktop
evt00619,2026-05-19 09:24:00,u001,anon_u001,s0168,add_to_cart,paid_search,/product,p001,,,desktop
evt00620,2026-05-19 11:14:00,u006,anon_u006,s0169,session_start,organic_search,/collections/new,,,,mobile
evt00621,2026-05-19 11:20:00,u006,anon_u006,s0169,page_view,organic_search,/collections/bestsellers,,,,mobile
evt00622,2026-05-19 13:22:00,u011,anon_u011,s0170,session_start,social,/collections/bestsellers,,,,tablet
evt00623,2026-05-19 13:28:00,u011,anon_u011,s0170,page_view,social,/product,,,,tablet
evt00624,2026-05-19 13:34:00,u011,anon_u011,s0170,view_item,social,/product/p005,p005,,,tablet
evt00625,2026-05-19 13:40:00,u011,anon_u011,s0170,begin_checkout,social,/checkout,,,,tablet
evt00626,2026-05-19 15:30:00,u016,anon_u016,s0171,session_start,email,/product,,,,desktop
evt00627,2026-05-19 15:36:00,u016,anon_u016,s0171,page_view,email,/cart,,,,desktop
evt00628,2026-05-19 15:42:00,u016,anon_u016,s0171,add_to_cart,email,/checkout,p007,,,desktop
evt00629,2026-05-19 17:34:00,u021,anon_u021,s0172,session_start,direct,/cart,,,,mobile
evt00630,2026-05-19 17:40:00,u021,anon_u021,s0172,page_view,direct,/checkout,,,,mobile
evt00631,2026-05-19 17:46:00,u021,anon_u021,s0172,view_item,direct,/product/p009,p009,,,mobile
evt00632,2026-05-19 19:42:00,u026,anon_u026,s0173,session_start,affiliate,/checkout,,,,tablet
evt00633,2026-05-19 19:48:00,u026,anon_u026,s0173,page_view,affiliate,/account,,,,tablet
evt00634,2026-05-19 21:05:00,u001,anon_u001,s0174,session_start,paid_search,/account,,,,desktop
evt00635,2026-05-19 21:11:00,u001,anon_u001,s0174,page_view,paid_search,/,,,,desktop
evt00636,2026-05-19 21:17:00,u001,anon_u001,s0174,view_item,paid_search,/product/p013,p013,,,desktop
evt00637,2026-05-19 21:23:00,u001,anon_u001,s0174,add_to_cart,paid_search,/collections/bestsellers,p013,,,desktop
evt00638,2026-05-19 23:13:00,u006,anon_u006,s0175,session_start,organic_search,/,,,,mobile
evt00639,2026-05-19 23:19:00,u006,anon_u006,s0175,page_view,organic_search,/collections/new,,,,mobile
evt00640,2026-05-19 23:25:00,u006,anon_u006,s0175,begin_checkout,organic_search,/collections/bestsellers,,,,mobile
evt00641,2026-05-20 01:17:00,u011,anon_u011,s0176,session_start,social,/collections/new,,,,tablet
evt00642,2026-05-20 01:23:00,u011,anon_u011,s0176,page_view,social,/collections/bestsellers,,,,tablet
evt00643,2026-05-20 01:29:00,u011,anon_u011,s0176,view_item,social,/product/p017,p017,,,tablet
evt00644,2026-05-20 03:25:00,u016,anon_u016,s0177,session_start,email,/collections/bestsellers,,,,desktop
evt00645,2026-05-20 03:31:00,u016,anon_u016,s0177,page_view,email,/product,,,,desktop
evt00646,2026-05-20 03:37:00,u016,anon_u016,s0177,add_to_cart,email,/cart,p019,,,desktop
evt00647,2026-05-20 05:33:00,u021,anon_u021,s0178,session_start,direct,/product,,,,mobile
evt00648,2026-05-20 05:39:00,u021,anon_u021,s0178,page_view,direct,/cart,,,,mobile
evt00649,2026-05-20 05:45:00,u021,anon_u021,s0178,view_item,direct,/product/p021,p021,,,mobile
evt00650,2026-05-20 07:41:00,u026,anon_u026,s0179,session_start,affiliate,/cart,,,,tablet
evt00651,2026-05-20 07:47:00,u026,anon_u026,s0179,page_view,affiliate,/checkout,,,,tablet
evt00652,2026-05-20 09:00:00,u001,anon_u001,s0180,session_start,paid_search,/checkout,,,,desktop
evt00653,2026-05-20 09:06:00,u001,anon_u001,s0180,page_view,paid_search,/account,,,,desktop
evt00654,2026-05-20 09:12:00,u001,anon_u001,s0180,view_item,paid_search,/product/p001,p001,,,desktop
evt00655,2026-05-20 09:18:00,u001,anon_u001,s0180,add_to_cart,paid_search,/collections/new,p001,,,desktop
evt00656,2026-05-20 09:24:00,u001,anon_u001,s0180,begin_checkout,paid_search,/collections/bestsellers,,,,desktop
evt00013,2026-05-05 17:36:00,u029,anon_u029,s0004,page_view,direct,/checkout,,,,mobile
evt00049,2026-05-06 11:04:00,u002,anon_u002,s0013,session_start,organic_search,/account,,,,mobile
evt00105,2026-05-07 15:14:00,u010,anon_u010,s0027,session_start,email,/account,,,,desktop
evt00176,2026-05-09 01:58:00,u009,anon_u009,s0044,purchase,social,/checkout,,o0044,0.00,tablet
evt00261,2026-05-10 19:26:00,u006,anon_u006,s0065,purchase,affiliate,/checkout,,o0065,347.48,tablet
